nickname,user_id,age,gender,city,signature,content,comment_id,like_count,comment_time
霜花用功百事可乐,12713118207,无,0,深圳市,,“他是世界第一  你骂他  他下次还是主力”,7460590180,0,2024/11/17 15:31
霜花用功百事可乐,12713118207,无,0,深圳市,,露啊 轻舟已过万重山,7460422719,0,2024/11/17 10:16
霜花用功百事可乐,12713118207,无,0,深圳市,,轻舟已过万重山,7460407450,0,2024/11/17 9:40
小年am,9992730702,无,1,北海市,,“新鲜感一过，你就宛如陌生人一般”,7459858777,1,2024/11/16 14:10
小忘崽cc,264164600,无,1,未知,音乐是最纯洁的声音，也是唯一契合的灵魂,No.99位[大笑],7458891677,0,2024/11/15 0:14
昌mItQM,9943337010,无,0,长春市,,This tune is soothing and healing， like warm sunlight shining into the heart.,7458683543,0,2024/11/14 20:24
子有雅,12466091539,无,2,南充市,,可笑的是我拿着那你无聊时跟我消遣的聊天记录  炫耀.,7458028133,0,2024/11/13 20:22
子有雅,12466091539,无,2,南充市,,突然好想有一个人对我说 我再也不会让你一个人了.,7458024145,0,2024/11/13 20:18
子有雅,12466091539,无,2,南充市,,人各有命有缘之人自会相见.,7458028559,0,2024/11/13 20:17
